model,accuracy,f1_macro,loss
random_forest,0.16666666666666666,0.13653846153846155,1.7924359277614066
logistic_regression,0.13333333333333333,0.12214285714285715,1.9349133123907512
